medium_id	component_index	component_name	current_bigg	proposed_bigg	proposed_tier	mapper_note	why_not_applied
biospecimen_hmdb_cerebrospinal_fluid_csf	277	Propionic acid	ppa	prpnte	fuzzy_name	target ppa is absent from the BiGGr reactome; substituted prpnte, which carries the identical InChIKey XBDQKXXYIPTUBI-UHFFFAOYSA-M	re-derivation proposes a different compound, not a different enantiomer; needs a curator decision
biospecimen_hmdb_cerebrospinal_fluid_csf	311	Arsenic	aso4	arsna	fuzzy_name	target aso4 is absent from the BiGGr reactome; substituted arsna, which carries the identical InChIKey DJHGAFSJWGLOIV-UHFFFAOYSA-L	re-derivation proposes a different compound, not a different enantiomer; needs a curator decision
biospecimen_hmdb_feces	509	Propionic acid	ppa	prpnte	fuzzy_name	target ppa is absent from the BiGGr reactome; substituted prpnte, which carries the identical InChIKey XBDQKXXYIPTUBI-UHFFFAOYSA-M	re-derivation proposes a different compound, not a different enantiomer; needs a curator decision
biospecimen_hmdb_feces	682	Dodecanoylcarnitine	M01729	ddeccrn	exact_name	target M01729 is absent from the BiGGr reactome; substituted ddeccrn, which carries the identical InChIKey FUJLYHJROOYKRA-QGZVFWFLSA-N	re-derivation proposes a different compound, not a different enantiomer; needs a curator decision
biospecimen_hmdb_saliva	309	Propionic acid	ppa	prpnte	fuzzy_name	target ppa is absent from the BiGGr reactome; substituted prpnte, which carries the identical InChIKey XBDQKXXYIPTUBI-UHFFFAOYSA-M	re-derivation proposes a different compound, not a different enantiomer; needs a curator decision
biospecimen_hmdb_saliva	483	Arsenic	aso4	arsna	fuzzy_name	target aso4 is absent from the BiGGr reactome; substituted arsna, which carries the identical InChIKey DJHGAFSJWGLOIV-UHFFFAOYSA-L	re-derivation proposes a different compound, not a different enantiomer; needs a curator decision
biospecimen_hmdb_urine	571	Propionic acid	ppa	prpnte	fuzzy_name	target ppa is absent from the BiGGr reactome; substituted prpnte, which carries the identical InChIKey XBDQKXXYIPTUBI-UHFFFAOYSA-M	re-derivation proposes a different compound, not a different enantiomer; needs a curator decision
complexlit_PMC10811727_anoxic_mineral_medium_per_ref_16_with_nitrat	16	potassium bicarbonate	hco3	h2co3	exact_name	target hco3 is absent from the BiGGr reactome; substituted h2co3, which carries the identical InChIKey BVKZGUZCCUSVTD-UHFFFAOYSA-M	re-derivation proposes a different compound, not a different enantiomer; needs a curator decision
complexlit_PMC11406949_cdm1_chemically_defined_medium_1_glucose	38	pyridoxal / pyridoxamine (vitamin B6)	pydx	pydxn	fuzzy_name	resolved from the parenthetical qualifier 'vitamin B6', which is more specific than the head term	re-derivation proposes a different compound, not a different enantiomer; needs a curator decision
complexlit_PMC11543930_anoxic_tris_hcl_buffered_artificial_seawater	8	NaHCO3 (bicarbonate)	hco3	h2co3	exact_name	target hco3 is absent from the BiGGr reactome; substituted h2co3, which carries the identical InChIKey BVKZGUZCCUSVTD-UHFFFAOYSA-M; resolved from the parenthetical qualifier 'bicarbonate', which is more specific than the head term	re-derivation proposes a different compound, not a different enantiomer; needs a curator decision
complexlit_PMC11608335_corncob_residue_hydrolysate_crh_medium	25	CO2 / carbonate (HCO3-)	hco3	h2co3	exact_name	bicarbonate; target hco3 is absent from the BiGGr reactome; substituted h2co3, which carries the identical InChIKey BVKZGUZCCUSVTD-UHFFFAOYSA-M; resolved from the parenthetical qualifier 'HCO3-', which is more specific than the head term	re-derivation proposes a different compound, not a different enantiomer; needs a curator decision
complexlit_PMC12218308_m9_minimal_medium_formate_rich_lignin_oxidat	23	Propionate	ppa	prpnte	fuzzy_name	target ppa is absent from the BiGGr reactome; substituted prpnte, which carries the identical InChIKey XBDQKXXYIPTUBI-UHFFFAOYSA-M	re-derivation proposes a different compound, not a different enantiomer; needs a curator decision
complexlit_PMC13150008_ba4a_intermediate_groundwater_20_at_d2o_1_mm	19	Propionate	ppa	prpnte	fuzzy_name	target ppa is absent from the BiGGr reactome; substituted prpnte, which carries the identical InChIKey XBDQKXXYIPTUBI-UHFFFAOYSA-M	re-derivation proposes a different compound, not a different enantiomer; needs a curator decision
complexlit_PMC2784333_l_lactate_m9_minimal_medium_2_g_l_l_lactate	6	Iron (Fe2+)	fe	fe2	fuzzy_name	resolved from the parenthetical qualifier 'Fe2+', which is more specific than the head term	re-derivation proposes a different compound, not a different enantiomer; needs a curator decision
complexlit_PMC3514683_todd_hewitt_broth_supplemented_with_yeast_ex	16	Iron (Fe2+)	fe	fe2	fuzzy_name	resolved from the parenthetical qualifier 'Fe2+', which is more specific than the head term	re-derivation proposes a different compound, not a different enantiomer; needs a curator decision
complexlit_PMC4299604_mops_ez_rich_defined_medium_teknova_m2105_wi	9	Cytosine (cytidine)	csn	cytd	exact_name	resolved from the parenthetical qualifier 'cytidine', which is more specific than the head term	re-derivation proposes a different compound, not a different enantiomer; needs a curator decision
complexlit_PMC4299604_mops_ez_rich_defined_medium_teknova_m2105_wi	18	Guanine (guanosine)	gua	gsn	exact_name	resolved from the parenthetical qualifier 'guanosine', which is more specific than the head term	re-derivation proposes a different compound, not a different enantiomer; needs a curator decision
complexlit_PMC4299604_mops_ez_rich_defined_medium_teknova_m2105_wi	40	Uracil (uridine)	ura	uri	exact_name	resolved from the parenthetical qualifier 'uridine', which is more specific than the head term	re-derivation proposes a different compound, not a different enantiomer; needs a curator decision
complexlit_PMC5168804_defined_thermophile_medium_with_glucose_yeas	16	Iron (Fe2+)	fe	fe2	fuzzy_name	resolved from the parenthetical qualifier 'Fe2+', which is more specific than the head term	re-derivation proposes a different compound, not a different enantiomer; needs a curator decision
complexlit_PMC7618129_ycfa_medium_myo_inositol_sole_c_energy_sourc	1	valerate (SCFA)	M03134	pta	fuzzy_name	target M03134 is absent from the BiGGr reactome; substituted pta, which carries the identical InChIKey NQPDZGIKBAWPEJ-UHFFFAOYSA-M	re-derivation proposes a different compound, not a different enantiomer; needs a curator decision
complexlit_PMC7618129_ycfa_medium_myo_inositol_sole_c_energy_sourc	27	iso-butyrate (SCFA)	ibt	isobuta	exact_name	target ibt is absent from the BiGGr reactome; substituted isobuta, which carries the identical InChIKey KQNPFQTWMSNSAP-UHFFFAOYSA-M	re-derivation proposes a different compound, not a different enantiomer; needs a curator decision
complexlit_PMC7618129_ycfa_medium_myo_inositol_sole_c_energy_sourc	44	propionate (SCFA)	ppa	prpnte	fuzzy_name	target ppa is absent from the BiGGr reactome; substituted prpnte, which carries the identical InChIKey XBDQKXXYIPTUBI-UHFFFAOYSA-M	re-derivation proposes a different compound, not a different enantiomer; needs a curator decision
complexlit_PMC7618129_ycfa_medium_phytate_sole_c_energy_source	1	valerate (SCFA)	M03134	pta	fuzzy_name	target M03134 is absent from the BiGGr reactome; substituted pta, which carries the identical InChIKey NQPDZGIKBAWPEJ-UHFFFAOYSA-M	re-derivation proposes a different compound, not a different enantiomer; needs a curator decision
complexlit_PMC7618129_ycfa_medium_phytate_sole_c_energy_source	27	iso-butyrate (SCFA)	ibt	isobuta	exact_name	target ibt is absent from the BiGGr reactome; substituted isobuta, which carries the identical InChIKey KQNPFQTWMSNSAP-UHFFFAOYSA-M	re-derivation proposes a different compound, not a different enantiomer; needs a curator decision
complexlit_PMC7618129_ycfa_medium_phytate_sole_c_energy_source	43	propionate (SCFA)	ppa	prpnte	fuzzy_name	target ppa is absent from the BiGGr reactome; substituted prpnte, which carries the identical InChIKey XBDQKXXYIPTUBI-UHFFFAOYSA-M	re-derivation proposes a different compound, not a different enantiomer; needs a curator decision
complexlit_PMC8269220_jw1_isolation_medium_salinity_varied_by_prop	9	NaHCO3 (bicarbonate)	hco3	h2co3	exact_name	target hco3 is absent from the BiGGr reactome; substituted h2co3, which carries the identical InChIKey BVKZGUZCCUSVTD-UHFFFAOYSA-M; resolved from the parenthetical qualifier 'bicarbonate', which is more specific than the head term	re-derivation proposes a different compound, not a different enantiomer; needs a curator decision
complexlit_PMC8269220_modified_jw1_medium_chemolithoautotrophic_no	9	NaHCO3 (bicarbonate)	hco3	h2co3	exact_name	target hco3 is absent from the BiGGr reactome; substituted h2co3, which carries the identical InChIKey BVKZGUZCCUSVTD-UHFFFAOYSA-M; resolved from the parenthetical qualifier 'bicarbonate', which is more specific than the head term	re-derivation proposes a different compound, not a different enantiomer; needs a curator decision
complexlit_PMC8764690_pipes_hs_p_hs_medium	9	NaHCO3 (bicarbonate)	hco3	h2co3	exact_name	target hco3 is absent from the BiGGr reactome; substituted h2co3, which carries the identical InChIKey BVKZGUZCCUSVTD-UHFFFAOYSA-M; resolved from the parenthetical qualifier 'bicarbonate', which is more specific than the head term	re-derivation proposes a different compound, not a different enantiomer; needs a curator decision
complexlit_PMC9201475_5_n_free_bg_11_vitamin_b12_high_n_treatment	18	Light (photons)	photon	photon_e1	fuzzy_name	target photon_e1 carries no InChIKey and no formula in tools/bigg_metabolite_dict.json, so the name match could not be checked against structure; resolved from the parenthetical qualifier 'photons', which is more specific than the head term	re-derivation proposes a different compound, not a different enantiomer; needs a curator decision
complexlit_PMC9201475_5_n_free_bg_11_vitamin_b12_intermediate_n_tr	18	Light (photons)	photon	photon_e1	fuzzy_name	target photon_e1 carries no InChIKey and no formula in tools/bigg_metabolite_dict.json, so the name match could not be checked against structure; resolved from the parenthetical qualifier 'photons', which is more specific than the head term	re-derivation proposes a different compound, not a different enantiomer; needs a curator decision
complexlit_PMC9201475_5_n_free_bg_11_vitamin_b12_low_n_treatment	18	Light (photons)	photon	photon_e1	fuzzy_name	target photon_e1 carries no InChIKey and no formula in tools/bigg_metabolite_dict.json, so the name match could not be checked against structure; resolved from the parenthetical qualifier 'photons', which is more specific than the head term	re-derivation proposes a different compound, not a different enantiomer; needs a curator decision
complexlit_PMC9805005_enriched_artificial_seawater_f_2_type_nutrie	11	Bicarbonate (HCO3-)	hco3	h2co3	exact_name	bicarbonate; target hco3 is absent from the BiGGr reactome; substituted h2co3, which carries the identical InChIKey BVKZGUZCCUSVTD-UHFFFAOYSA-M; resolved from the parenthetical qualifier 'HCO3-', which is more specific than the head term	re-derivation proposes a different compound, not a different enantiomer; needs a curator decision
food_FOOD00011	0	Nonanoate	C01601	nona	exact_name	target C01601 is absent from the BiGGr reactome; substituted nona, which carries the identical InChIKey FBUKVWPVBMHYJY-UHFFFAOYSA-M	re-derivation proposes a different compound, not a different enantiomer; needs a curator decision
food_FOOD00011	4	Arsenate	aso4	arsna	exact_name	target aso4 is absent from the BiGGr reactome; substituted arsna, which carries the identical InChIKey DJHGAFSJWGLOIV-UHFFFAOYSA-L	re-derivation proposes a different compound, not a different enantiomer; needs a curator decision
food_FOOD00011	71	Lead	pb	pb2	fuzzy_name	target pb is absent from the BiGGr reactome; substituted pb2, which carries the identical InChIKey RVPVRDXYQKGNMQ-UHFFFAOYSA-N	re-derivation proposes a different compound, not a different enantiomer; needs a curator decision
food_FOOD00013	4	Arsenate	aso4	arsna	exact_name	target aso4 is absent from the BiGGr reactome; substituted arsna, which carries the identical InChIKey DJHGAFSJWGLOIV-UHFFFAOYSA-L	re-derivation proposes a different compound, not a different enantiomer; needs a curator decision
food_FOOD00013	77	Lead	pb	pb2	fuzzy_name	target pb is absent from the BiGGr reactome; substituted pb2, which carries the identical InChIKey RVPVRDXYQKGNMQ-UHFFFAOYSA-N	re-derivation proposes a different compound, not a different enantiomer; needs a curator decision
food_FOOD00015	0	3-Methylbutanoic acid	3mb	ival	fuzzy_name	target 3mb is absent from the BiGGr reactome; substituted ival, which carries the identical InChIKey GWYFCOCPABKNJV-UHFFFAOYSA-M	re-derivation proposes a different compound, not a different enantiomer; needs a curator decision
food_FOOD00015	4	Arsenate	aso4	arsna	exact_name	target aso4 is absent from the BiGGr reactome; substituted arsna, which carries the identical InChIKey DJHGAFSJWGLOIV-UHFFFAOYSA-L	re-derivation proposes a different compound, not a different enantiomer; needs a curator decision
food_FOOD00015	72	Lead	pb	pb2	fuzzy_name	target pb is absent from the BiGGr reactome; substituted pb2, which carries the identical InChIKey RVPVRDXYQKGNMQ-UHFFFAOYSA-N	re-derivation proposes a different compound, not a different enantiomer; needs a curator decision
food_FOOD00016	79	Lead	pb	pb2	fuzzy_name	target pb is absent from the BiGGr reactome; substituted pb2, which carries the identical InChIKey RVPVRDXYQKGNMQ-UHFFFAOYSA-N	re-derivation proposes a different compound, not a different enantiomer; needs a curator decision
food_FOOD00018	4	Arsenate	aso4	arsna	exact_name	target aso4 is absent from the BiGGr reactome; substituted arsna, which carries the identical InChIKey DJHGAFSJWGLOIV-UHFFFAOYSA-L	re-derivation proposes a different compound, not a different enantiomer; needs a curator decision
food_FOOD00018	67	Lead	pb	pb2	fuzzy_name	target pb is absent from the BiGGr reactome; substituted pb2, which carries the identical InChIKey RVPVRDXYQKGNMQ-UHFFFAOYSA-N	re-derivation proposes a different compound, not a different enantiomer; needs a curator decision
food_FOOD00021	5	Arsenate	aso4	arsna	exact_name	target aso4 is absent from the BiGGr reactome; substituted arsna, which carries the identical InChIKey DJHGAFSJWGLOIV-UHFFFAOYSA-L	re-derivation proposes a different compound, not a different enantiomer; needs a curator decision
food_FOOD00021	72	Lead	pb	pb2	fuzzy_name	target pb is absent from the BiGGr reactome; substituted pb2, which carries the identical InChIKey RVPVRDXYQKGNMQ-UHFFFAOYSA-N	re-derivation proposes a different compound, not a different enantiomer; needs a curator decision
food_FOOD00024	3	Arsenate	aso4	arsna	exact_name	target aso4 is absent from the BiGGr reactome; substituted arsna, which carries the identical InChIKey DJHGAFSJWGLOIV-UHFFFAOYSA-L	re-derivation proposes a different compound, not a different enantiomer; needs a curator decision
food_FOOD00034	5	Arsenate	aso4	arsna	exact_name	target aso4 is absent from the BiGGr reactome; substituted arsna, which carries the identical InChIKey DJHGAFSJWGLOIV-UHFFFAOYSA-L	re-derivation proposes a different compound, not a different enantiomer; needs a curator decision
food_FOOD00034	88	Lead	pb	pb2	fuzzy_name	target pb is absent from the BiGGr reactome; substituted pb2, which carries the identical InChIKey RVPVRDXYQKGNMQ-UHFFFAOYSA-N	re-derivation proposes a different compound, not a different enantiomer; needs a curator decision
food_FOOD00036	4	Arsenate	aso4	arsna	exact_name	target aso4 is absent from the BiGGr reactome; substituted arsna, which carries the identical InChIKey DJHGAFSJWGLOIV-UHFFFAOYSA-L	re-derivation proposes a different compound, not a different enantiomer; needs a curator decision
food_FOOD00036	76	Lead	pb	pb2	fuzzy_name	target pb is absent from the BiGGr reactome; substituted pb2, which carries the identical InChIKey RVPVRDXYQKGNMQ-UHFFFAOYSA-N	re-derivation proposes a different compound, not a different enantiomer; needs a curator decision
food_FOOD00042	1	3-Methylbutanoic acid	3mb	ival	fuzzy_name	target 3mb is absent from the BiGGr reactome; substituted ival, which carries the identical InChIKey GWYFCOCPABKNJV-UHFFFAOYSA-M	re-derivation proposes a different compound, not a different enantiomer; needs a curator decision
food_FOOD00042	4	Arsenate	aso4	arsna	exact_name	target aso4 is absent from the BiGGr reactome; substituted arsna, which carries the identical InChIKey DJHGAFSJWGLOIV-UHFFFAOYSA-L	re-derivation proposes a different compound, not a different enantiomer; needs a curator decision
food_FOOD00048	4	Arsenate	aso4	arsna	exact_name	target aso4 is absent from the BiGGr reactome; substituted arsna, which carries the identical InChIKey DJHGAFSJWGLOIV-UHFFFAOYSA-L	re-derivation proposes a different compound, not a different enantiomer; needs a curator decision
food_FOOD00048	60	Lead	pb	pb2	fuzzy_name	target pb is absent from the BiGGr reactome; substituted pb2, which carries the identical InChIKey RVPVRDXYQKGNMQ-UHFFFAOYSA-N	re-derivation proposes a different compound, not a different enantiomer; needs a curator decision
food_FOOD00062	1	Arsenate	aso4	arsna	exact_name	target aso4 is absent from the BiGGr reactome; substituted arsna, which carries the identical InChIKey DJHGAFSJWGLOIV-UHFFFAOYSA-L	re-derivation proposes a different compound, not a different enantiomer; needs a curator decision
food_FOOD00062	38	Lead	pb	pb2	fuzzy_name	target pb is absent from the BiGGr reactome; substituted pb2, which carries the identical InChIKey RVPVRDXYQKGNMQ-UHFFFAOYSA-N	re-derivation proposes a different compound, not a different enantiomer; needs a curator decision
food_FOOD00064	5	Arsenate	aso4	arsna	exact_name	target aso4 is absent from the BiGGr reactome; substituted arsna, which carries the identical InChIKey DJHGAFSJWGLOIV-UHFFFAOYSA-L	re-derivation proposes a different compound, not a different enantiomer; needs a curator decision
food_FOOD00064	78	Lead	pb	pb2	fuzzy_name	target pb is absent from the BiGGr reactome; substituted pb2, which carries the identical InChIKey RVPVRDXYQKGNMQ-UHFFFAOYSA-N	re-derivation proposes a different compound, not a different enantiomer; needs a curator decision
food_FOOD00076	4	Arsenate	aso4	arsna	exact_name	target aso4 is absent from the BiGGr reactome; substituted arsna, which carries the identical InChIKey DJHGAFSJWGLOIV-UHFFFAOYSA-L	re-derivation proposes a different compound, not a different enantiomer; needs a curator decision
food_FOOD00092	0	Nonanoate	C01601	nona	exact_name	target C01601 is absent from the BiGGr reactome; substituted nona, which carries the identical InChIKey FBUKVWPVBMHYJY-UHFFFAOYSA-M	re-derivation proposes a different compound, not a different enantiomer; needs a curator decision
food_FOOD00093	4	Arsenate	aso4	arsna	exact_name	target aso4 is absent from the BiGGr reactome; substituted arsna, which carries the identical InChIKey DJHGAFSJWGLOIV-UHFFFAOYSA-L	re-derivation proposes a different compound, not a different enantiomer; needs a curator decision
food_FOOD00093	72	Lead	pb	pb2	fuzzy_name	target pb is absent from the BiGGr reactome; substituted pb2, which carries the identical InChIKey RVPVRDXYQKGNMQ-UHFFFAOYSA-N	re-derivation proposes a different compound, not a different enantiomer; needs a curator decision
food_FOOD00095	5	Arsenate	aso4	arsna	exact_name	target aso4 is absent from the BiGGr reactome; substituted arsna, which carries the identical InChIKey DJHGAFSJWGLOIV-UHFFFAOYSA-L	re-derivation proposes a different compound, not a different enantiomer; needs a curator decision
food_FOOD00095	70	Lead	pb	pb2	fuzzy_name	target pb is absent from the BiGGr reactome; substituted pb2, which carries the identical InChIKey RVPVRDXYQKGNMQ-UHFFFAOYSA-N	re-derivation proposes a different compound, not a different enantiomer; needs a curator decision
food_FOOD00101	44	Ammonia	nh3	nh4	exact_name	target nh3 is absent from the BiGGr reactome; substituted nh4, which carries the identical InChIKey QGZKDVFQNNGYKY-UHFFFAOYSA-O	re-derivation proposes a different compound, not a different enantiomer; needs a curator decision
food_FOOD00115	41	Lead	pb	pb2	fuzzy_name	target pb is absent from the BiGGr reactome; substituted pb2, which carries the identical InChIKey RVPVRDXYQKGNMQ-UHFFFAOYSA-N	re-derivation proposes a different compound, not a different enantiomer; needs a curator decision
food_FOOD00118	1	Arsenate	aso4	arsna	exact_name	target aso4 is absent from the BiGGr reactome; substituted arsna, which carries the identical InChIKey DJHGAFSJWGLOIV-UHFFFAOYSA-L	re-derivation proposes a different compound, not a different enantiomer; needs a curator decision
food_FOOD00120	27	Ammonia	nh3	nh4	exact_name	target nh3 is absent from the BiGGr reactome; substituted nh4, which carries the identical InChIKey QGZKDVFQNNGYKY-UHFFFAOYSA-O	re-derivation proposes a different compound, not a different enantiomer; needs a curator decision
food_FOOD00124	0	Nonanoate	C01601	nona	exact_name	target C01601 is absent from the BiGGr reactome; substituted nona, which carries the identical InChIKey FBUKVWPVBMHYJY-UHFFFAOYSA-M	re-derivation proposes a different compound, not a different enantiomer; needs a curator decision
food_FOOD00129	4	Arsenate	aso4	arsna	exact_name	target aso4 is absent from the BiGGr reactome; substituted arsna, which carries the identical InChIKey DJHGAFSJWGLOIV-UHFFFAOYSA-L	re-derivation proposes a different compound, not a different enantiomer; needs a curator decision
food_FOOD00129	73	Lead	pb	pb2	fuzzy_name	target pb is absent from the BiGGr reactome; substituted pb2, which carries the identical InChIKey RVPVRDXYQKGNMQ-UHFFFAOYSA-N	re-derivation proposes a different compound, not a different enantiomer; needs a curator decision
food_FOOD00131	6	Arsenate	aso4	arsna	exact_name	target aso4 is absent from the BiGGr reactome; substituted arsna, which carries the identical InChIKey DJHGAFSJWGLOIV-UHFFFAOYSA-L	re-derivation proposes a different compound, not a different enantiomer; needs a curator decision
food_FOOD00131	78	Lead	pb	pb2	fuzzy_name	target pb is absent from the BiGGr reactome; substituted pb2, which carries the identical InChIKey RVPVRDXYQKGNMQ-UHFFFAOYSA-N	re-derivation proposes a different compound, not a different enantiomer; needs a curator decision
food_FOOD00133	57	Lead	pb	pb2	fuzzy_name	target pb is absent from the BiGGr reactome; substituted pb2, which carries the identical InChIKey RVPVRDXYQKGNMQ-UHFFFAOYSA-N	re-derivation proposes a different compound, not a different enantiomer; needs a curator decision
food_FOOD00140	3	Arsenate	aso4	arsna	exact_name	target aso4 is absent from the BiGGr reactome; substituted arsna, which carries the identical InChIKey DJHGAFSJWGLOIV-UHFFFAOYSA-L	re-derivation proposes a different compound, not a different enantiomer; needs a curator decision
food_FOOD00140	69	Lead	pb	pb2	fuzzy_name	target pb is absent from the BiGGr reactome; substituted pb2, which carries the identical InChIKey RVPVRDXYQKGNMQ-UHFFFAOYSA-N	re-derivation proposes a different compound, not a different enantiomer; needs a curator decision
food_FOOD00148	4	Arsenate	aso4	arsna	exact_name	target aso4 is absent from the BiGGr reactome; substituted arsna, which carries the identical InChIKey DJHGAFSJWGLOIV-UHFFFAOYSA-L	re-derivation proposes a different compound, not a different enantiomer; needs a curator decision
food_FOOD00148	74	Lead	pb	pb2	fuzzy_name	target pb is absent from the BiGGr reactome; substituted pb2, which carries the identical InChIKey RVPVRDXYQKGNMQ-UHFFFAOYSA-N	re-derivation proposes a different compound, not a different enantiomer; needs a curator decision
food_FOOD00153	9	malonic acid	malon	HC00319	fuzzy_name	target malon is absent from the BiGGr reactome; substituted HC00319, which carries the identical InChIKey OFOBLEOULBTSOW-UHFFFAOYSA-L	re-derivation proposes a different compound, not a different enantiomer; needs a curator decision
food_FOOD00154	3	Arsenate	aso4	arsna	exact_name	target aso4 is absent from the BiGGr reactome; substituted arsna, which carries the identical InChIKey DJHGAFSJWGLOIV-UHFFFAOYSA-L	re-derivation proposes a different compound, not a different enantiomer; needs a curator decision
food_FOOD00154	67	Lead	pb	pb2	fuzzy_name	target pb is absent from the BiGGr reactome; substituted pb2, which carries the identical InChIKey RVPVRDXYQKGNMQ-UHFFFAOYSA-N	re-derivation proposes a different compound, not a different enantiomer; needs a curator decision
food_FOOD00155	5	Arsenate	aso4	arsna	exact_name	target aso4 is absent from the BiGGr reactome; substituted arsna, which carries the identical InChIKey DJHGAFSJWGLOIV-UHFFFAOYSA-L	re-derivation proposes a different compound, not a different enantiomer; needs a curator decision
food_FOOD00155	63	Lead	pb	pb2	fuzzy_name	target pb is absent from the BiGGr reactome; substituted pb2, which carries the identical InChIKey RVPVRDXYQKGNMQ-UHFFFAOYSA-N	re-derivation proposes a different compound, not a different enantiomer; needs a curator decision
food_FOOD00156	1	Arsenate	aso4	arsna	exact_name	target aso4 is absent from the BiGGr reactome; substituted arsna, which carries the identical InChIKey DJHGAFSJWGLOIV-UHFFFAOYSA-L	re-derivation proposes a different compound, not a different enantiomer; needs a curator decision
food_FOOD00156	51	Lead	pb	pb2	fuzzy_name	target pb is absent from the BiGGr reactome; substituted pb2, which carries the identical InChIKey RVPVRDXYQKGNMQ-UHFFFAOYSA-N	re-derivation proposes a different compound, not a different enantiomer; needs a curator decision
food_FOOD00161	33	Lead	pb	pb2	fuzzy_name	target pb is absent from the BiGGr reactome; substituted pb2, which carries the identical InChIKey RVPVRDXYQKGNMQ-UHFFFAOYSA-N	re-derivation proposes a different compound, not a different enantiomer; needs a curator decision
food_FOOD00174	7	Arsenate	aso4	arsna	exact_name	target aso4 is absent from the BiGGr reactome; substituted arsna, which carries the identical InChIKey DJHGAFSJWGLOIV-UHFFFAOYSA-L	re-derivation proposes a different compound, not a different enantiomer; needs a curator decision
food_FOOD00174	78	Lead	pb	pb2	fuzzy_name	target pb is absent from the BiGGr reactome; substituted pb2, which carries the identical InChIKey RVPVRDXYQKGNMQ-UHFFFAOYSA-N	re-derivation proposes a different compound, not a different enantiomer; needs a curator decision
food_FOOD00175	0	Nonanoate	C01601	nona	exact_name	target C01601 is absent from the BiGGr reactome; substituted nona, which carries the identical InChIKey FBUKVWPVBMHYJY-UHFFFAOYSA-M	re-derivation proposes a different compound, not a different enantiomer; needs a curator decision
food_FOOD00175	5	Arsenate	aso4	arsna	exact_name	target aso4 is absent from the BiGGr reactome; substituted arsna, which carries the identical InChIKey DJHGAFSJWGLOIV-UHFFFAOYSA-L	re-derivation proposes a different compound, not a different enantiomer; needs a curator decision
food_FOOD00175	95	Lead	pb	pb2	fuzzy_name	target pb is absent from the BiGGr reactome; substituted pb2, which carries the identical InChIKey RVPVRDXYQKGNMQ-UHFFFAOYSA-N	re-derivation proposes a different compound, not a different enantiomer; needs a curator decision
food_FOOD00178	3	Arsenate	aso4	arsna	exact_name	target aso4 is absent from the BiGGr reactome; substituted arsna, which carries the identical InChIKey DJHGAFSJWGLOIV-UHFFFAOYSA-L	re-derivation proposes a different compound, not a different enantiomer; needs a curator decision
food_FOOD00178	80	Lead	pb	pb2	fuzzy_name	target pb is absent from the BiGGr reactome; substituted pb2, which carries the identical InChIKey RVPVRDXYQKGNMQ-UHFFFAOYSA-N	re-derivation proposes a different compound, not a different enantiomer; needs a curator decision
food_FOOD00192	69	Lead	pb	pb2	fuzzy_name	target pb is absent from the BiGGr reactome; substituted pb2, which carries the identical InChIKey RVPVRDXYQKGNMQ-UHFFFAOYSA-N	re-derivation proposes a different compound, not a different enantiomer; needs a curator decision
food_FOOD00193	4	Arsenate	aso4	arsna	exact_name	target aso4 is absent from the BiGGr reactome; substituted arsna, which carries the identical InChIKey DJHGAFSJWGLOIV-UHFFFAOYSA-L	re-derivation proposes a different compound, not a different enantiomer; needs a curator decision
food_FOOD00193	54	Lead	pb	pb2	fuzzy_name	target pb is absent from the BiGGr reactome; substituted pb2, which carries the identical InChIKey RVPVRDXYQKGNMQ-UHFFFAOYSA-N	re-derivation proposes a different compound, not a different enantiomer; needs a curator decision
food_FOOD00199	3	Arsenate	aso4	arsna	exact_name	target aso4 is absent from the BiGGr reactome; substituted arsna, which carries the identical InChIKey DJHGAFSJWGLOIV-UHFFFAOYSA-L	re-derivation proposes a different compound, not a different enantiomer; needs a curator decision
food_FOOD00199	61	Lead	pb	pb2	fuzzy_name	target pb is absent from the BiGGr reactome; substituted pb2, which carries the identical InChIKey RVPVRDXYQKGNMQ-UHFFFAOYSA-N	re-derivation proposes a different compound, not a different enantiomer; needs a curator decision
food_FOOD00261	5	malonic acid	malon	HC00319	fuzzy_name	target malon is absent from the BiGGr reactome; substituted HC00319, which carries the identical InChIKey OFOBLEOULBTSOW-UHFFFAOYSA-L	re-derivation proposes a different compound, not a different enantiomer; needs a curator decision
food_FOOD00264	4	Arsenate	aso4	arsna	exact_name	target aso4 is absent from the BiGGr reactome; substituted arsna, which carries the identical InChIKey DJHGAFSJWGLOIV-UHFFFAOYSA-L	re-derivation proposes a different compound, not a different enantiomer; needs a curator decision
food_FOOD00264	72	Lead	pb	pb2	fuzzy_name	target pb is absent from the BiGGr reactome; substituted pb2, which carries the identical InChIKey RVPVRDXYQKGNMQ-UHFFFAOYSA-N	re-derivation proposes a different compound, not a different enantiomer; needs a curator decision
food_FOOD00268	7	3-Methylbutanoic acid	3mb	ival	fuzzy_name	target 3mb is absent from the BiGGr reactome; substituted ival, which carries the identical InChIKey GWYFCOCPABKNJV-UHFFFAOYSA-M	re-derivation proposes a different compound, not a different enantiomer; needs a curator decision
food_FOOD00268	15	Isomaltose	HC00229	isomal	exact_name	target HC00229 is absent from the BiGGr reactome; substituted isomal, which carries the identical InChIKey DLRVVLDZNNYCBX-RTPHMHGBSA-N	re-derivation proposes a different compound, not a different enantiomer; needs a curator decision
food_FOOD00268	108	Ammonia	nh3	nh4	exact_name	target nh3 is absent from the BiGGr reactome; substituted nh4, which carries the identical InChIKey QGZKDVFQNNGYKY-UHFFFAOYSA-O	re-derivation proposes a different compound, not a different enantiomer; needs a curator decision
food_FOOD00268	153	Lead	pb	pb2	fuzzy_name	target pb is absent from the BiGGr reactome; substituted pb2, which carries the identical InChIKey RVPVRDXYQKGNMQ-UHFFFAOYSA-N	re-derivation proposes a different compound, not a different enantiomer; needs a curator decision
food_FOOD00269	0	Nonanoate	C01601	nona	exact_name	target C01601 is absent from the BiGGr reactome; substituted nona, which carries the identical InChIKey FBUKVWPVBMHYJY-UHFFFAOYSA-M	re-derivation proposes a different compound, not a different enantiomer; needs a curator decision
food_FOOD00274	0	Nonanoate	C01601	nona	exact_name	target C01601 is absent from the BiGGr reactome; substituted nona, which carries the identical InChIKey FBUKVWPVBMHYJY-UHFFFAOYSA-M	re-derivation proposes a different compound, not a different enantiomer; needs a curator decision
food_FOOD00287	33	Lead	pb	pb2	fuzzy_name	target pb is absent from the BiGGr reactome; substituted pb2, which carries the identical InChIKey RVPVRDXYQKGNMQ-UHFFFAOYSA-N	re-derivation proposes a different compound, not a different enantiomer; needs a curator decision
food_FOOD00316	3	Arsenate	aso4	arsna	exact_name	target aso4 is absent from the BiGGr reactome; substituted arsna, which carries the identical InChIKey DJHGAFSJWGLOIV-UHFFFAOYSA-L	re-derivation proposes a different compound, not a different enantiomer; needs a curator decision
food_FOOD00316	54	Lead	pb	pb2	fuzzy_name	target pb is absent from the BiGGr reactome; substituted pb2, which carries the identical InChIKey RVPVRDXYQKGNMQ-UHFFFAOYSA-N	re-derivation proposes a different compound, not a different enantiomer; needs a curator decision
food_FOOD00336	7	caproic acid	caproic	hxa	exact_name	target caproic is absent from the BiGGr reactome; substituted hxa, which carries the identical InChIKey FUZZWVXGSFPDMH-UHFFFAOYSA-M	re-derivation proposes a different compound, not a different enantiomer; needs a curator decision
food_FOOD00381	4	Arsenate	aso4	arsna	exact_name	target aso4 is absent from the BiGGr reactome; substituted arsna, which carries the identical InChIKey DJHGAFSJWGLOIV-UHFFFAOYSA-L	re-derivation proposes a different compound, not a different enantiomer; needs a curator decision
food_FOOD00382	1	Arsenate	aso4	arsna	exact_name	target aso4 is absent from the BiGGr reactome; substituted arsna, which carries the identical InChIKey DJHGAFSJWGLOIV-UHFFFAOYSA-L	re-derivation proposes a different compound, not a different enantiomer; needs a curator decision
food_FOOD00402	4	Arsenate	aso4	arsna	exact_name	target aso4 is absent from the BiGGr reactome; substituted arsna, which carries the identical InChIKey DJHGAFSJWGLOIV-UHFFFAOYSA-L	re-derivation proposes a different compound, not a different enantiomer; needs a curator decision
food_FOOD00413	3	Arsenate	aso4	arsna	exact_name	target aso4 is absent from the BiGGr reactome; substituted arsna, which carries the identical InChIKey DJHGAFSJWGLOIV-UHFFFAOYSA-L	re-derivation proposes a different compound, not a different enantiomer; needs a curator decision
food_FOOD00429	39	Lead	pb	pb2	fuzzy_name	target pb is absent from the BiGGr reactome; substituted pb2, which carries the identical InChIKey RVPVRDXYQKGNMQ-UHFFFAOYSA-N	re-derivation proposes a different compound, not a different enantiomer; needs a curator decision
food_FOOD00457	1	Arsenate	aso4	arsna	exact_name	target aso4 is absent from the BiGGr reactome; substituted arsna, which carries the identical InChIKey DJHGAFSJWGLOIV-UHFFFAOYSA-L	re-derivation proposes a different compound, not a different enantiomer; needs a curator decision
food_FOOD00520	0	Nonanoate	C01601	nona	exact_name	target C01601 is absent from the BiGGr reactome; substituted nona, which carries the identical InChIKey FBUKVWPVBMHYJY-UHFFFAOYSA-M	re-derivation proposes a different compound, not a different enantiomer; needs a curator decision
food_FOOD00536	0	Nonanoate	C01601	nona	exact_name	target C01601 is absent from the BiGGr reactome; substituted nona, which carries the identical InChIKey FBUKVWPVBMHYJY-UHFFFAOYSA-M	re-derivation proposes a different compound, not a different enantiomer; needs a curator decision
food_FOOD00572	0	Nonanoate	C01601	nona	exact_name	target C01601 is absent from the BiGGr reactome; substituted nona, which carries the identical InChIKey FBUKVWPVBMHYJY-UHFFFAOYSA-M	re-derivation proposes a different compound, not a different enantiomer; needs a curator decision
food_FOOD00591	0	Nonanoate	C01601	nona	exact_name	target C01601 is absent from the BiGGr reactome; substituted nona, which carries the identical InChIKey FBUKVWPVBMHYJY-UHFFFAOYSA-M	re-derivation proposes a different compound, not a different enantiomer; needs a curator decision
food_FOOD00616	0	Nonanoate	C01601	nona	exact_name	target C01601 is absent from the BiGGr reactome; substituted nona, which carries the identical InChIKey FBUKVWPVBMHYJY-UHFFFAOYSA-M	re-derivation proposes a different compound, not a different enantiomer; needs a curator decision
food_FOOD00617	3	propionic acid	ppa	prpnte	fuzzy_name	target ppa is absent from the BiGGr reactome; substituted prpnte, which carries the identical InChIKey XBDQKXXYIPTUBI-UHFFFAOYSA-M	re-derivation proposes a different compound, not a different enantiomer; needs a curator decision
food_FOOD00624	0	Nonanoate	C01601	nona	exact_name	target C01601 is absent from the BiGGr reactome; substituted nona, which carries the identical InChIKey FBUKVWPVBMHYJY-UHFFFAOYSA-M	re-derivation proposes a different compound, not a different enantiomer; needs a curator decision
food_FOOD00638	0	Nonanoate	C01601	nona	exact_name	target C01601 is absent from the BiGGr reactome; substituted nona, which carries the identical InChIKey FBUKVWPVBMHYJY-UHFFFAOYSA-M	re-derivation proposes a different compound, not a different enantiomer; needs a curator decision
food_FOOD00639	0	Nonanoate	C01601	nona	exact_name	target C01601 is absent from the BiGGr reactome; substituted nona, which carries the identical InChIKey FBUKVWPVBMHYJY-UHFFFAOYSA-M	re-derivation proposes a different compound, not a different enantiomer; needs a curator decision
food_FOOD00641	0	Nonanoate	C01601	nona	exact_name	target C01601 is absent from the BiGGr reactome; substituted nona, which carries the identical InChIKey FBUKVWPVBMHYJY-UHFFFAOYSA-M	re-derivation proposes a different compound, not a different enantiomer; needs a curator decision
food_FOOD00648	0	Nonanoate	C01601	nona	exact_name	target C01601 is absent from the BiGGr reactome; substituted nona, which carries the identical InChIKey FBUKVWPVBMHYJY-UHFFFAOYSA-M	re-derivation proposes a different compound, not a different enantiomer; needs a curator decision
food_FOOD00650	25	caproic acid	caproic	hxa	exact_name	target caproic is absent from the BiGGr reactome; substituted hxa, which carries the identical InChIKey FUZZWVXGSFPDMH-UHFFFAOYSA-M	re-derivation proposes a different compound, not a different enantiomer; needs a curator decision
food_FOOD00652	0	Nonanoate	C01601	nona	exact_name	target C01601 is absent from the BiGGr reactome; substituted nona, which carries the identical InChIKey FBUKVWPVBMHYJY-UHFFFAOYSA-M	re-derivation proposes a different compound, not a different enantiomer; needs a curator decision
food_FOOD00659	0	Nonanoate	C01601	nona	exact_name	target C01601 is absent from the BiGGr reactome; substituted nona, which carries the identical InChIKey FBUKVWPVBMHYJY-UHFFFAOYSA-M	re-derivation proposes a different compound, not a different enantiomer; needs a curator decision
food_FOOD00682	0	Nonanoate	C01601	nona	exact_name	target C01601 is absent from the BiGGr reactome; substituted nona, which carries the identical InChIKey FBUKVWPVBMHYJY-UHFFFAOYSA-M	re-derivation proposes a different compound, not a different enantiomer; needs a curator decision
food_FOOD00687	0	Nonanoate	C01601	nona	exact_name	target C01601 is absent from the BiGGr reactome; substituted nona, which carries the identical InChIKey FBUKVWPVBMHYJY-UHFFFAOYSA-M	re-derivation proposes a different compound, not a different enantiomer; needs a curator decision
food_FOOD00688	0	Nonanoate	C01601	nona	exact_name	target C01601 is absent from the BiGGr reactome; substituted nona, which carries the identical InChIKey FBUKVWPVBMHYJY-UHFFFAOYSA-M	re-derivation proposes a different compound, not a different enantiomer; needs a curator decision
food_FOOD00689	27	caproic acid	caproic	hxa	exact_name	target caproic is absent from the BiGGr reactome; substituted hxa, which carries the identical InChIKey FUZZWVXGSFPDMH-UHFFFAOYSA-M	re-derivation proposes a different compound, not a different enantiomer; needs a curator decision
food_FOOD00691	30	caproic acid	caproic	hxa	exact_name	target caproic is absent from the BiGGr reactome; substituted hxa, which carries the identical InChIKey FUZZWVXGSFPDMH-UHFFFAOYSA-M	re-derivation proposes a different compound, not a different enantiomer; needs a curator decision
food_FOOD00693	26	caproic acid	caproic	hxa	exact_name	target caproic is absent from the BiGGr reactome; substituted hxa, which carries the identical InChIKey FUZZWVXGSFPDMH-UHFFFAOYSA-M	re-derivation proposes a different compound, not a different enantiomer; needs a curator decision
food_FOOD00711	7	propionic acid	ppa	prpnte	fuzzy_name	target ppa is absent from the BiGGr reactome; substituted prpnte, which carries the identical InChIKey XBDQKXXYIPTUBI-UHFFFAOYSA-M	re-derivation proposes a different compound, not a different enantiomer; needs a curator decision
food_FOOD00711	56	caproic acid	caproic	hxa	exact_name	target caproic is absent from the BiGGr reactome; substituted hxa, which carries the identical InChIKey FUZZWVXGSFPDMH-UHFFFAOYSA-M	re-derivation proposes a different compound, not a different enantiomer; needs a curator decision
food_FOOD00765	0	Nonanoate	C01601	nona	exact_name	target C01601 is absent from the BiGGr reactome; substituted nona, which carries the identical InChIKey FBUKVWPVBMHYJY-UHFFFAOYSA-M	re-derivation proposes a different compound, not a different enantiomer; needs a curator decision
food_FOOD00808	10	propionic acid	ppa	prpnte	fuzzy_name	target ppa is absent from the BiGGr reactome; substituted prpnte, which carries the identical InChIKey XBDQKXXYIPTUBI-UHFFFAOYSA-M	re-derivation proposes a different compound, not a different enantiomer; needs a curator decision
food_FOOD00843	0	Nonanoate	C01601	nona	exact_name	target C01601 is absent from the BiGGr reactome; substituted nona, which carries the identical InChIKey FBUKVWPVBMHYJY-UHFFFAOYSA-M	re-derivation proposes a different compound, not a different enantiomer; needs a curator decision
food_FOOD00844	0	Nonanoate	C01601	nona	exact_name	target C01601 is absent from the BiGGr reactome; substituted nona, which carries the identical InChIKey FBUKVWPVBMHYJY-UHFFFAOYSA-M	re-derivation proposes a different compound, not a different enantiomer; needs a curator decision
food_FOOD00874	5	Arsenate	aso4	arsna	exact_name	target aso4 is absent from the BiGGr reactome; substituted arsna, which carries the identical InChIKey DJHGAFSJWGLOIV-UHFFFAOYSA-L	re-derivation proposes a different compound, not a different enantiomer; needs a curator decision
food_FOOD00874	79	Lead	pb	pb2	fuzzy_name	target pb is absent from the BiGGr reactome; substituted pb2, which carries the identical InChIKey RVPVRDXYQKGNMQ-UHFFFAOYSA-N	re-derivation proposes a different compound, not a different enantiomer; needs a curator decision
food_FOOD00875	5	Arsenate	aso4	arsna	exact_name	target aso4 is absent from the BiGGr reactome; substituted arsna, which carries the identical InChIKey DJHGAFSJWGLOIV-UHFFFAOYSA-L	re-derivation proposes a different compound, not a different enantiomer; needs a curator decision
food_FOOD00875	82	Lead	pb	pb2	fuzzy_name	target pb is absent from the BiGGr reactome; substituted pb2, which carries the identical InChIKey RVPVRDXYQKGNMQ-UHFFFAOYSA-N	re-derivation proposes a different compound, not a different enantiomer; needs a curator decision
food_FOOD00876	3	Arsenate	aso4	arsna	exact_name	target aso4 is absent from the BiGGr reactome; substituted arsna, which carries the identical InChIKey DJHGAFSJWGLOIV-UHFFFAOYSA-L	re-derivation proposes a different compound, not a different enantiomer; needs a curator decision
food_FOOD00876	71	Lead	pb	pb2	fuzzy_name	target pb is absent from the BiGGr reactome; substituted pb2, which carries the identical InChIKey RVPVRDXYQKGNMQ-UHFFFAOYSA-N	re-derivation proposes a different compound, not a different enantiomer; needs a curator decision
food_FOOD00886	5	Arsenate	aso4	arsna	exact_name	target aso4 is absent from the BiGGr reactome; substituted arsna, which carries the identical InChIKey DJHGAFSJWGLOIV-UHFFFAOYSA-L	re-derivation proposes a different compound, not a different enantiomer; needs a curator decision
food_FOOD00886	82	Lead	pb	pb2	fuzzy_name	target pb is absent from the BiGGr reactome; substituted pb2, which carries the identical InChIKey RVPVRDXYQKGNMQ-UHFFFAOYSA-N	re-derivation proposes a different compound, not a different enantiomer; needs a curator decision
food_FOOD00888	6	Arsenate	aso4	arsna	exact_name	target aso4 is absent from the BiGGr reactome; substituted arsna, which carries the identical InChIKey DJHGAFSJWGLOIV-UHFFFAOYSA-L	re-derivation proposes a different compound, not a different enantiomer; needs a curator decision
food_FOOD00888	74	Lead	pb	pb2	fuzzy_name	target pb is absent from the BiGGr reactome; substituted pb2, which carries the identical InChIKey RVPVRDXYQKGNMQ-UHFFFAOYSA-N	re-derivation proposes a different compound, not a different enantiomer; needs a curator decision
food_FOOD00907	39	Ammonia	nh3	nh4	exact_name	target nh3 is absent from the BiGGr reactome; substituted nh4, which carries the identical InChIKey QGZKDVFQNNGYKY-UHFFFAOYSA-O	re-derivation proposes a different compound, not a different enantiomer; needs a curator decision
food_FOOD00908	39	Ammonia	nh3	nh4	exact_name	target nh3 is absent from the BiGGr reactome; substituted nh4, which carries the identical InChIKey QGZKDVFQNNGYKY-UHFFFAOYSA-O	re-derivation proposes a different compound, not a different enantiomer; needs a curator decision
food_FOOD00925	25	Ammonia	nh3	nh4	exact_name	target nh3 is absent from the BiGGr reactome; substituted nh4, which carries the identical InChIKey QGZKDVFQNNGYKY-UHFFFAOYSA-O	re-derivation proposes a different compound, not a different enantiomer; needs a curator decision
food_FOOD00987	0	Nonanoate	C01601	nona	exact_name	target C01601 is absent from the BiGGr reactome; substituted nona, which carries the identical InChIKey FBUKVWPVBMHYJY-UHFFFAOYSA-M	re-derivation proposes a different compound, not a different enantiomer; needs a curator decision
food_FOOD00989	27	Ammonia	nh3	nh4	exact_name	target nh3 is absent from the BiGGr reactome; substituted nh4, which carries the identical InChIKey QGZKDVFQNNGYKY-UHFFFAOYSA-O	re-derivation proposes a different compound, not a different enantiomer; needs a curator decision
growthlit_PMC10105427_urea_medium_anaerobic_rumen_simulating	20	Propionic acid	ppa	prpnte	fuzzy_name	target ppa is absent from the BiGGr reactome; substituted prpnte, which carries the identical InChIKey XBDQKXXYIPTUBI-UHFFFAOYSA-M	re-derivation proposes a different compound, not a different enantiomer; needs a curator decision
growthlit_PMC10308913_chemically_defined_medium_bryant_and_bur	22	Propionic acid (propionate)	ppa	prpnte	fuzzy_name	target ppa is absent from the BiGGr reactome; substituted prpnte, which carries the identical InChIKey XBDQKXXYIPTUBI-UHFFFAOYSA-M; resolved from the parenthetical qualifier 'propionate', which is more specific than the head term	re-derivation proposes a different compound, not a different enantiomer; needs a curator decision
growthlit_PMC10390337_anoxic_mineral_medium_with_formate_elect	9	Bicarbonate (HCO3-) / CO2	hco3	h2co3	exact_name	bicarbonate; target hco3 is absent from the BiGGr reactome; substituted h2co3, which carries the identical InChIKey BVKZGUZCCUSVTD-UHFFFAOYSA-M; resolved from the parenthetical qualifier 'HCO3-', which is more specific than the head term	re-derivation proposes a different compound, not a different enantiomer; needs a curator decision
growthlit_PMC10390337_mineral_medium_with_1_mm_ammonium_as_n_s	9	Bicarbonate (HCO3-) / CO2	hco3	h2co3	exact_name	bicarbonate; target hco3 is absent from the BiGGr reactome; substituted h2co3, which carries the identical InChIKey BVKZGUZCCUSVTD-UHFFFAOYSA-M; resolved from the parenthetical qualifier 'HCO3-', which is more specific than the head term	re-derivation proposes a different compound, not a different enantiomer; needs a curator decision
growthlit_PMC10945360_anoxic_basal_mineral_medium_10_mm_monome	26	NaHCO3 (bicarbonate)	hco3	h2co3	exact_name	target hco3 is absent from the BiGGr reactome; substituted h2co3, which carries the identical InChIKey BVKZGUZCCUSVTD-UHFFFAOYSA-M; resolved from the parenthetical qualifier 'bicarbonate', which is more specific than the head term	re-derivation proposes a different compound, not a different enantiomer; needs a curator decision
growthlit_PMC10949502_cgx_minimal_medium_shake_flask	5	Fe2+ (iron)	fe2	fe	fuzzy_name	target fe carries no InChIKey and no formula in tools/bigg_metabolite_dict.json, so the name match could not be checked against structure; resolved from the parenthetical qualifier 'iron', which is more specific than the head term	re-derivation proposes a different compound, not a different enantiomer; needs a curator decision
growthlit_PMC11093872_defined_minimal_medium_adapted_from_naka	7	Fe2+ (iron)	fe2	fe	fuzzy_name	target fe carries no InChIKey and no formula in tools/bigg_metabolite_dict.json, so the name match could not be checked against structure; resolved from the parenthetical qualifier 'iron', which is more specific than the head term	re-derivation proposes a different compound, not a different enantiomer; needs a curator decision
growthlit_PMC11093872_defined_minimal_medium_adapted_from_wilm	7	Fe2+ (iron)	fe2	fe	fuzzy_name	target fe carries no InChIKey and no formula in tools/bigg_metabolite_dict.json, so the name match could not be checked against structure; resolved from the parenthetical qualifier 'iron', which is more specific than the head term	re-derivation proposes a different compound, not a different enantiomer; needs a curator decision
growthlit_PMC11093872_defined_minimal_medium_bioreactor_r1_pro	6	Fe2+ (iron)	fe2	fe	fuzzy_name	target fe carries no InChIKey and no formula in tools/bigg_metabolite_dict.json, so the name match could not be checked against structure; resolved from the parenthetical qualifier 'iron', which is more specific than the head term	re-derivation proposes a different compound, not a different enantiomer; needs a curator decision
growthlit_PMC11136667_m9_minimal_medium_500_mm_methanol	6	Iron (Fe2+)	fe	fe2	fuzzy_name	resolved from the parenthetical qualifier 'Fe2+', which is more specific than the head term	re-derivation proposes a different compound, not a different enantiomer; needs a curator decision
growthlit_PMC11272060_defined_mineral_medium_with_vfa_mixture_	43	Sodium propionate (propionate)	ppa	prpnte	fuzzy_name	target ppa is absent from the BiGGr reactome; substituted prpnte, which carries the identical InChIKey XBDQKXXYIPTUBI-UHFFFAOYSA-M; resolved from the parenthetical qualifier 'propionate', which is more specific than the head term	re-derivation proposes a different compound, not a different enantiomer; needs a curator decision
growthlit_PMC11557832_r_2_medium_with_20_g_l_glucose	17	Iron (Fe2+)	fe	fe2	fuzzy_name	resolved from the parenthetical qualifier 'Fe2+', which is more specific than the head term	re-derivation proposes a different compound, not a different enantiomer; needs a curator decision
growthlit_PMC11637423_defined_saltwater_liquid_medium_10_mm_d_	14	Bicarbonate (from NaHCO3)	hco3	h2co3	exact_name	target hco3 is absent from the BiGGr reactome; substituted h2co3, which carries the identical InChIKey BVKZGUZCCUSVTD-UHFFFAOYSA-M	re-derivation proposes a different compound, not a different enantiomer; needs a curator decision
growthlit_PMC1175100_defined_glucose_batch_medium_optimized_f	16	Iron (fe2)	fe	fe2	fuzzy_name	resolved from the parenthetical qualifier 'fe2', which is more specific than the head term	re-derivation proposes a different compound, not a different enantiomer; needs a curator decision
growthlit_PMC12526780_nitrogen_fixing_sucrose_mineral_medium_f	0	Valeric acid (pentanoate)	M03134	pta	exact_name	resolved from the parenthetical qualifier 'pentanoate', which is more specific than the head term	re-derivation proposes a different compound, not a different enantiomer; needs a curator decision
growthlit_PMC12718266_burk_medium_burk_sucrose	14	Fe2+ (iron)	fe2	fe	fuzzy_name	target fe carries no InChIKey and no formula in tools/bigg_metabolite_dict.json, so the name match could not be checked against structure; resolved from the parenthetical qualifier 'iron', which is more specific than the head term	re-derivation proposes a different compound, not a different enantiomer; needs a curator decision
growthlit_PMC12931063_bg11_0_nitrogen_free_nutrients_5x_concen	10	Bicarbonate (from NaHCO3)	hco3	h2co3	exact_name	target hco3 is absent from the BiGGr reactome; substituted h2co3, which carries the identical InChIKey BVKZGUZCCUSVTD-UHFFFAOYSA-M	re-derivation proposes a different compound, not a different enantiomer; needs a curator decision
growthlit_PMC12996797_modified_m9_mops_minimal_medium_fed_batc	4	Fe2+ (iron)	fe2	fe	fuzzy_name	target fe carries no InChIKey and no formula in tools/bigg_metabolite_dict.json, so the name match could not be checked against structure; resolved from the parenthetical qualifier 'iron', which is more specific than the head term	re-derivation proposes a different compound, not a different enantiomer; needs a curator decision
growthlit_PMC12996797_modified_m9_mops_yeast_extract_glucose_x	14	Fe2+ (iron)	fe2	fe	fuzzy_name	target fe carries no InChIKey and no formula in tools/bigg_metabolite_dict.json, so the name match could not be checked against structure; resolved from the parenthetical qualifier 'iron', which is more specific than the head term	re-derivation proposes a different compound, not a different enantiomer; needs a curator decision
growthlit_PMC13150008_ba1b_type_i_mg_hco3_groundwater_20_at_d2	20	Propionate	ppa	prpnte	fuzzy_name	target ppa is absent from the BiGGr reactome; substituted prpnte, which carries the identical InChIKey XBDQKXXYIPTUBI-UHFFFAOYSA-M	re-derivation proposes a different compound, not a different enantiomer; needs a curator decision
growthlit_PMC13150008_ba3a_type_ii_ca_oh_groundwater_20_at_d2o	18	Propionate	ppa	prpnte	fuzzy_name	target ppa is absent from the BiGGr reactome; substituted prpnte, which carries the identical InChIKey XBDQKXXYIPTUBI-UHFFFAOYSA-M	re-derivation proposes a different compound, not a different enantiomer; needs a curator decision
growthlit_PMC13150008_ba4a_intermediate_groundwater_20_at_d2o_	19	Propionate	ppa	prpnte	fuzzy_name	target ppa is absent from the BiGGr reactome; substituted prpnte, which carries the identical InChIKey XBDQKXXYIPTUBI-UHFFFAOYSA-M	re-derivation proposes a different compound, not a different enantiomer; needs a curator decision
growthlit_PMC13261371_optimised_lmo_812_defined_marine_medium_	12	Bicarbonate (HCO3-)	hco3	h2co3	exact_name	bicarbonate; target hco3 is absent from the BiGGr reactome; substituted h2co3, which carries the identical InChIKey BVKZGUZCCUSVTD-UHFFFAOYSA-M; resolved from the parenthetical qualifier 'HCO3-', which is more specific than the head term	re-derivation proposes a different compound, not a different enantiomer; needs a curator decision
growthlit_PMC13274346_modified_m9_low_phosphate_buffer_with_so	17	Propionate	ppa	prpnte	fuzzy_name	target ppa is absent from the BiGGr reactome; substituted prpnte, which carries the identical InChIKey XBDQKXXYIPTUBI-UHFFFAOYSA-M	re-derivation proposes a different compound, not a different enantiomer; needs a curator decision
growthlit_PMC13274346_modified_m9_low_phosphate_glassy_carbon_	16	Propionate	ppa	prpnte	fuzzy_name	target ppa is absent from the BiGGr reactome; substituted prpnte, which carries the identical InChIKey XBDQKXXYIPTUBI-UHFFFAOYSA-M	re-derivation proposes a different compound, not a different enantiomer; needs a curator decision
growthlit_PMC13274346_modified_m9_low_phosphate_propionate_ace	16	Propionate	ppa	prpnte	fuzzy_name	target ppa is absent from the BiGGr reactome; substituted prpnte, which carries the identical InChIKey XBDQKXXYIPTUBI-UHFFFAOYSA-M	re-derivation proposes a different compound, not a different enantiomer; needs a curator decision
growthlit_PMC13274346_modified_m9_low_phosphate_with_insoluble	16	Propionate	ppa	prpnte	fuzzy_name	target ppa is absent from the BiGGr reactome; substituted prpnte, which carries the identical InChIKey XBDQKXXYIPTUBI-UHFFFAOYSA-M	re-derivation proposes a different compound, not a different enantiomer; needs a curator decision
growthlit_PMC13274346_modified_m9_with_soluble_fe_iii_citrate_	16	Propionate	ppa	prpnte	fuzzy_name	target ppa is absent from the BiGGr reactome; substituted prpnte, which carries the identical InChIKey XBDQKXXYIPTUBI-UHFFFAOYSA-M	re-derivation proposes a different compound, not a different enantiomer; needs a curator decision
growthlit_PMC2526093_chemically_defined_medium_cdm_derived_10	15	Iron (Fe2+)	fe	fe2	fuzzy_name	resolved from the parenthetical qualifier 'Fe2+', which is more specific than the head term	re-derivation proposes a different compound, not a different enantiomer; needs a curator decision
growthlit_PMC2844404_n_europaea_mineral_medium_280_mg_n_l_amm	9	Bicarbonate	hco3	h2co3	exact_name	target hco3 is absent from the BiGGr reactome; substituted h2co3, which carries the identical InChIKey BVKZGUZCCUSVTD-UHFFFAOYSA-M	re-derivation proposes a different compound, not a different enantiomer; needs a curator decision
growthlit_PMC3002917_defined_freshwater_medium_chemostat	8	Iron(III) (Fe3+)	fe	fe3	fuzzy_name	resolved from the parenthetical qualifier 'Fe3+', which is more specific than the head term	re-derivation proposes a different compound, not a different enantiomer; needs a curator decision
growthlit_PMC3431225_ssbm_p_fully_defined_phosphate_depletion	6	Iron (Fe2+)	fe	fe2	fuzzy_name	resolved from the parenthetical qualifier 'Fe2+', which is more specific than the head term	re-derivation proposes a different compound, not a different enantiomer; needs a curator decision
growthlit_PMC3431225_ssbm_p_phosphate_depletion_optimized_sub	6	Iron (Fe2+)	fe	fe2	fuzzy_name	resolved from the parenthetical qualifier 'Fe2+', which is more specific than the head term	re-derivation proposes a different compound, not a different enantiomer; needs a curator decision
growthlit_PMC3846598_defined_mineral_salts_medium_with_nonano	8	Iron(II) (fe2)	fe	fe2	fuzzy_name	resolved from the parenthetical qualifier 'fe2', which is more specific than the head term	re-derivation proposes a different compound, not a different enantiomer; needs a curator decision
growthlit_PMC3925604_atcc_1754_petc_medium_basal_mineral_salt	19	Iron (fe2)	fe	fe2	fuzzy_name	resolved from the parenthetical qualifier 'fe2', which is more specific than the head term	re-derivation proposes a different compound, not a different enantiomer; needs a curator decision
growthlit_PMC4744455_minimal_glycerol_medium_modified_from_di	6	Iron (Fe2+)	fe	fe2	fuzzy_name	resolved from the parenthetical qualifier 'Fe2+', which is more specific than the head term	re-derivation proposes a different compound, not a different enantiomer; needs a curator decision
growthlit_PMC4913259_modified_clostridia_growth_medium_cgm_wi	17	Iron (Fe2+)	fe	fe2	fuzzy_name	resolved from the parenthetical qualifier 'Fe2+', which is more specific than the head term	re-derivation proposes a different compound, not a different enantiomer; needs a curator decision
growthlit_PMC4913259_modified_clostridia_growth_medium_cgm_wi	25	Carbonate / CO2 (HCO3-)	hco3	h2co3	exact_name	bicarbonate; target hco3 is absent from the BiGGr reactome; substituted h2co3, which carries the identical InChIKey BVKZGUZCCUSVTD-UHFFFAOYSA-M; resolved from the parenthetical qualifier 'HCO3-', which is more specific than the head term	re-derivation proposes a different compound, not a different enantiomer; needs a curator decision
growthlit_PMC4989321_defined_filtered_seawater_medium_with_pr	17	Propionate	ppa	prpnte	fuzzy_name	target ppa is absent from the BiGGr reactome; substituted prpnte, which carries the identical InChIKey XBDQKXXYIPTUBI-UHFFFAOYSA-M	re-derivation proposes a different compound, not a different enantiomer; needs a curator decision
growthlit_PMC5057261_m9_minimal_medium	7	Iron (Fe2+)	fe	fe2	fuzzy_name	resolved from the parenthetical qualifier 'Fe2+', which is more specific than the head term	re-derivation proposes a different compound, not a different enantiomer; needs a curator decision
growthlit_PMC5340862_mbg_11_bp_1_medium_autotrophic_co2_hco3_	8	Bicarbonate (HCO3-)	hco3	h2co3	exact_name	bicarbonate; target hco3 is absent from the BiGGr reactome; substituted h2co3, which carries the identical InChIKey BVKZGUZCCUSVTD-UHFFFAOYSA-M; resolved from the parenthetical qualifier 'HCO3-', which is more specific than the head term	re-derivation proposes a different compound, not a different enantiomer; needs a curator decision
growthlit_PMC5340862_modified_bg_11_mbg_11_bp_1_medium	8	Bicarbonate (HCO3-)	hco3	h2co3	exact_name	bicarbonate; target hco3 is absent from the BiGGr reactome; substituted h2co3, which carries the identical InChIKey BVKZGUZCCUSVTD-UHFFFAOYSA-M; resolved from the parenthetical qualifier 'HCO3-', which is more specific than the head term	re-derivation proposes a different compound, not a different enantiomer; needs a curator decision
growthlit_PMC5464527_iron_fe_limited_minimal_medium_0_04_gluc	6	Iron (Fe)	fe	fe2	fuzzy_name		re-derivation proposes a different compound, not a different enantiomer; needs a curator decision
growthlit_PMC5486835_m9_mineral_medium_5_mm_4_hydroxybenzoate	7	Iron (Fe2+)	fe	fe2	fuzzy_name	resolved from the parenthetical qualifier 'Fe2+', which is more specific than the head term	re-derivation proposes a different compound, not a different enantiomer; needs a curator decision
growthlit_PMC5486835_m9_mineral_medium_5_mm_benzoate	7	Iron (Fe2+)	fe	fe2	fuzzy_name	resolved from the parenthetical qualifier 'Fe2+', which is more specific than the head term	re-derivation proposes a different compound, not a different enantiomer; needs a curator decision
growthlit_PMC5486835_m9_mineral_medium_5_mm_ferulate	6	Iron (Fe2+)	fe	fe2	fuzzy_name	resolved from the parenthetical qualifier 'Fe2+', which is more specific than the head term	re-derivation proposes a different compound, not a different enantiomer; needs a curator decision
growthlit_PMC5486835_m9_mineral_medium_5_mm_vanillate	6	Iron (Fe2+)	fe	fe2	fuzzy_name	resolved from the parenthetical qualifier 'Fe2+', which is more specific than the head term	re-derivation proposes a different compound, not a different enantiomer; needs a curator decision
growthlit_PMC5486835_m9_mineral_medium_5_mm_vanillin	6	Iron (Fe2+)	fe	fe2	fuzzy_name	resolved from the parenthetical qualifier 'Fe2+', which is more specific than the head term	re-derivation proposes a different compound, not a different enantiomer; needs a curator decision
growthlit_PMC5658627_modified_rrnco_medium_10_mm_acetate_syng	19	Iron (Fe2+)	fe	fe2	fuzzy_name	resolved from the parenthetical qualifier 'Fe2+', which is more specific than the head term	re-derivation proposes a different compound, not a different enantiomer; needs a curator decision
growthlit_PMC5697356_cgxii_minimal_medium_1_5_h_heat_treated_	17	Iron (Fe2+)	fe	fe2	fuzzy_name	resolved from the parenthetical qualifier 'Fe2+', which is more specific than the head term	re-derivation proposes a different compound, not a different enantiomer; needs a curator decision
growthlit_PMC5697356_cgxii_minimal_medium_1_h_heat_treated_py	17	Iron (Fe2+)	fe	fe2	fuzzy_name	resolved from the parenthetical qualifier 'Fe2+', which is more specific than the head term	re-derivation proposes a different compound, not a different enantiomer; needs a curator decision
growthlit_PMC5838312_maxoeno_chemically_defined_wine_like_med	18	Iron (Fe2+)	fe	fe2	fuzzy_name	resolved from the parenthetical qualifier 'Fe2+', which is more specific than the head term	re-derivation proposes a different compound, not a different enantiomer; needs a curator decision
growthlit_PMC6349771_anaerobic_nitrate_reducing_minimal_mediu	9	Bicarbonate / NaHCO3 (hco3)	hco3	h2co3	fuzzy_name	target hco3 is absent from the BiGGr reactome; substituted h2co3, which carries the identical InChIKey BVKZGUZCCUSVTD-UHFFFAOYSA-M; resolved from the parenthetical qualifier 'hco3', which is more specific than the head term	re-derivation proposes a different compound, not a different enantiomer; needs a curator decision
growthlit_PMC6349771_nitrate_reducing_minimal_medium_8_mm_lac	9	Bicarbonate / NaHCO3 (hco3)	hco3	h2co3	fuzzy_name	target hco3 is absent from the BiGGr reactome; substituted h2co3, which carries the identical InChIKey BVKZGUZCCUSVTD-UHFFFAOYSA-M; resolved from the parenthetical qualifier 'hco3', which is more specific than the head term	re-derivation proposes a different compound, not a different enantiomer; needs a curator decision
growthlit_PMC6349771_nitrite_reducing_minimal_medium_8_mm_lac	9	Bicarbonate / NaHCO3 (hco3)	hco3	h2co3	fuzzy_name	target hco3 is absent from the BiGGr reactome; substituted h2co3, which carries the identical InChIKey BVKZGUZCCUSVTD-UHFFFAOYSA-M; resolved from the parenthetical qualifier 'hco3', which is more specific than the head term	re-derivation proposes a different compound, not a different enantiomer; needs a curator decision
growthlit_PMC6657660_fresh_water_medium_fwm_tourna_et_al_2011	10	Bicarbonate	hco3	h2co3	exact_name	target hco3 is absent from the BiGGr reactome; substituted h2co3, which carries the identical InChIKey BVKZGUZCCUSVTD-UHFFFAOYSA-M	re-derivation proposes a different compound, not a different enantiomer; needs a curator decision
growthlit_PMC7191041_kim_medium_0_25_w_v_d_galactose	15	(NH4)H2PO4	pi	nh4	exact_name	ammonium; resolved from the parenthetical qualifier 'NH4', which is more specific than the head term	re-derivation proposes a different compound, not a different enantiomer; needs a curator decision
growthlit_PMC7191041_kim_medium_with_feso4_7h2o_co2_as_carbon	14	(NH4)H2PO4	pi	nh4	exact_name	ammonium; resolved from the parenthetical qualifier 'NH4', which is more specific than the head term	re-derivation proposes a different compound, not a different enantiomer; needs a curator decision
growthlit_PMC7209981_synthetic_crenarchaeota_medium_scm	8	NaHCO3 (bicarbonate)	hco3	h2co3	exact_name	target hco3 is absent from the BiGGr reactome; substituted h2co3, which carries the identical InChIKey BVKZGUZCCUSVTD-UHFFFAOYSA-M; resolved from the parenthetical qualifier 'bicarbonate', which is more specific than the head term	re-derivation proposes a different compound, not a different enantiomer; needs a curator decision
growthlit_PMC7380578_mtc_medium	11	Iron (Fe2+)	fe	fe2	fuzzy_name	resolved from the parenthetical qualifier 'Fe2+', which is more specific than the head term	re-derivation proposes a different compound, not a different enantiomer; needs a curator decision
growthlit_PMC7840915_modified_hypho_minimal_medium_with_lacto	7	Iron (Fe2+)	fe	fe2	fuzzy_name	resolved from the parenthetical qualifier 'Fe2+', which is more specific than the head term	re-derivation proposes a different compound, not a different enantiomer; needs a curator decision
growthlit_PMC8005581_m9_minimal_medium_20_g_l_glucose	6	Iron (Fe2+)	fe	fe2	fuzzy_name	resolved from the parenthetical qualifier 'Fe2+', which is more specific than the head term	re-derivation proposes a different compound, not a different enantiomer; needs a curator decision
growthlit_PMC8407350_nob_mineral_salts_medium_lithoautotrophi	21	Potassium bicarbonate (KHCO3)	hco3	h2co3	exact_name	target hco3 is absent from the BiGGr reactome; substituted h2co3, which carries the identical InChIKey BVKZGUZCCUSVTD-UHFFFAOYSA-M	re-derivation proposes a different compound, not a different enantiomer; needs a curator decision
growthlit_PMC8407350_nob_mineral_salts_medium_spieck_and_lips	21	Potassium bicarbonate (KHCO3)	hco3	h2co3	exact_name	target hco3 is absent from the BiGGr reactome; substituted h2co3, which carries the identical InChIKey BVKZGUZCCUSVTD-UHFFFAOYSA-M	re-derivation proposes a different compound, not a different enantiomer; needs a curator decision
growthlit_PMC8594446_chemically_defined_liquid_minimal_medium	4	Fe2+ (iron)	fe2	fe	fuzzy_name	target fe carries no InChIKey and no formula in tools/bigg_metabolite_dict.json, so the name match could not be checked against structure; resolved from the parenthetical qualifier 'iron', which is more specific than the head term	re-derivation proposes a different compound, not a different enantiomer; needs a curator decision
growthlit_PMC8594446_liquid_minimal_medium_n2_fixing_no_added	4	Fe2+ (iron)	fe2	fe	fuzzy_name	target fe carries no InChIKey and no formula in tools/bigg_metabolite_dict.json, so the name match could not be checked against structure; resolved from the parenthetical qualifier 'iron', which is more specific than the head term	re-derivation proposes a different compound, not a different enantiomer; needs a curator decision
growthlit_PMC8594446_liquid_minimal_medium_nh4_replete	4	Fe2+ (iron)	fe2	fe	fuzzy_name	target fe carries no InChIKey and no formula in tools/bigg_metabolite_dict.json, so the name match could not be checked against structure; resolved from the parenthetical qualifier 'iron', which is more specific than the head term	re-derivation proposes a different compound, not a different enantiomer; needs a curator decision
growthlit_PMC8674442_bsm2_0phe_10_mm_l_arginine	7	Iron (Fe2+)	fe	fe2	fuzzy_name	resolved from the parenthetical qualifier 'Fe2+', which is more specific than the head term	re-derivation proposes a different compound, not a different enantiomer; needs a curator decision
growthlit_PMC8674442_bsm2_0phe_10_mm_l_citrulline	7	Iron (Fe2+)	fe	fe2	fuzzy_name	resolved from the parenthetical qualifier 'Fe2+', which is more specific than the head term	re-derivation proposes a different compound, not a different enantiomer; needs a curator decision
growthlit_PMC8674442_bsm2_0phe_10_mm_l_glutamate	6	Iron (Fe2+)	fe	fe2	fuzzy_name	resolved from the parenthetical qualifier 'Fe2+', which is more specific than the head term	re-derivation proposes a different compound, not a different enantiomer; needs a curator decision
growthlit_PMC8674442_bsm2_0phe_10_mm_l_glutamine	6	Iron (Fe2+)	fe	fe2	fuzzy_name	resolved from the parenthetical qualifier 'Fe2+', which is more specific than the head term	re-derivation proposes a different compound, not a different enantiomer; needs a curator decision
growthlit_PMC8674442_bsm2_0phe_10_mm_l_ornithine	6	Iron (Fe2+)	fe	fe2	fuzzy_name	resolved from the parenthetical qualifier 'Fe2+', which is more specific than the head term	re-derivation proposes a different compound, not a different enantiomer; needs a curator decision
growthlit_PMC8674442_bsm2_0phe_bsm_2_0_mm_phenol_batch_positi	6	Iron (Fe2+)	fe	fe2	fuzzy_name	resolved from the parenthetical qualifier 'Fe2+', which is more specific than the head term	re-derivation proposes a different compound, not a different enantiomer; needs a curator decision
growthlit_PMC8674442_bsm_basal_salt_medium_with_phenol_as_sol	6	Iron (Fe2+)	fe	fe2	fuzzy_name	resolved from the parenthetical qualifier 'Fe2+', which is more specific than the head term	re-derivation proposes a different compound, not a different enantiomer; needs a curator decision
growthlit_PMC8850433_5_l_bioreactor_fermentation_medium_gluco	12	Iron (Fe2+)	fe	fe2	fuzzy_name	resolved from the parenthetical qualifier 'Fe2+', which is more specific than the head term	re-derivation proposes a different compound, not a different enantiomer; needs a curator decision
growthlit_PMC8850433_fermentation_medium_5_l_bioreactor_bioti	12	Iron (Fe2+)	fe	fe2	fuzzy_name	resolved from the parenthetical qualifier 'Fe2+', which is more specific than the head term	re-derivation proposes a different compound, not a different enantiomer; needs a curator decision
growthlit_PMC8941145_13c_bicarbonate_thiosulfate_amended_hain	8	Bicarbonate (13C- or 12C-bicarbonate)	hco3	h2co3	exact_name	target hco3 is absent from the BiGGr reactome; substituted h2co3, which carries the identical InChIKey BVKZGUZCCUSVTD-UHFFFAOYSA-M	re-derivation proposes a different compound, not a different enantiomer; needs a curator decision
growthlit_PMC9011048_btm2_dmr_corn_stover_hydrolysate	10	Bicarbonate	hco3	h2co3	exact_name	target hco3 is absent from the BiGGr reactome; substituted h2co3, which carries the identical InChIKey BVKZGUZCCUSVTD-UHFFFAOYSA-M	re-derivation proposes a different compound, not a different enantiomer; needs a curator decision
growthlit_PMC9011048_btm2_glucose	11	Bicarbonate	hco3	h2co3	exact_name	target hco3 is absent from the BiGGr reactome; substituted h2co3, which carries the identical InChIKey BVKZGUZCCUSVTD-UHFFFAOYSA-M	re-derivation proposes a different compound, not a different enantiomer; needs a curator decision
growthlit_PMC9011048_btm2_mixed_pure_sugars_glucose_xylose_ar	13	Bicarbonate	hco3	h2co3	exact_name	target hco3 is absent from the BiGGr reactome; substituted h2co3, which carries the identical InChIKey BVKZGUZCCUSVTD-UHFFFAOYSA-M	re-derivation proposes a different compound, not a different enantiomer; needs a curator decision
growthlit_PMC9011048_btm2_modified_bt_glucose	11	Bicarbonate	hco3	h2co3	exact_name	target hco3 is absent from the BiGGr reactome; substituted h2co3, which carries the identical InChIKey BVKZGUZCCUSVTD-UHFFFAOYSA-M	re-derivation proposes a different compound, not a different enantiomer; needs a curator decision
growthlit_PMC9367096_fermentation_medium_fm	7	Iron (Fe2+)	fe	fe2	fuzzy_name	resolved from the parenthetical qualifier 'Fe2+', which is more specific than the head term	re-derivation proposes a different compound, not a different enantiomer; needs a curator decision
lit_PMC10308913_chemically_defined_medium_bryant_and_bur	22	Propionic acid (propionate)	ppa	prpnte	fuzzy_name	target ppa is absent from the BiGGr reactome; substituted prpnte, which carries the identical InChIKey XBDQKXXYIPTUBI-UHFFFAOYSA-M; resolved from the parenthetical qualifier 'propionate', which is more specific than the head term	re-derivation proposes a different compound, not a different enantiomer; needs a curator decision
lit_PMC10949502_cgx_minimal_medium	5	Fe2+ (iron)	fe2	fe	fuzzy_name	target fe carries no InChIKey and no formula in tools/bigg_metabolite_dict.json, so the name match could not be checked against structure; resolved from the parenthetical qualifier 'iron', which is more specific than the head term	re-derivation proposes a different compound, not a different enantiomer; needs a curator decision
lit_PMC11557832_r_2_medium_aloesone_production	17	Iron (Fe2+)	fe	fe2	fuzzy_name	resolved from the parenthetical qualifier 'Fe2+', which is more specific than the head term	re-derivation proposes a different compound, not a different enantiomer; needs a curator decision
lit_PMC11575385_modified_m9_minimal_medium_with_casamino	10	Iron (fe2)	fe	fe2	fuzzy_name	resolved from the parenthetical qualifier 'fe2', which is more specific than the head term	re-derivation proposes a different compound, not a different enantiomer; needs a curator decision
lit_PMC12222865_artificial_root_exudate_re_medium	22	Malonic acid (malonate)	malon	HC00319	exact_name	target malon is absent from the BiGGr reactome; substituted HC00319, which carries the identical InChIKey OFOBLEOULBTSOW-UHFFFAOYSA-L; resolved from the parenthetical qualifier 'malonate', which is more specific than the head term	re-derivation proposes a different compound, not a different enantiomer; needs a curator decision
lit_PMC13185528_modified_semi_defined_media_sdm	17	Bicarbonate (from NaHCO3; BiGG hco3)	hco3	h2co3	exact_name	target hco3 is absent from the BiGGr reactome; substituted h2co3, which carries the identical InChIKey BVKZGUZCCUSVTD-UHFFFAOYSA-M	re-derivation proposes a different compound, not a different enantiomer; needs a curator decision
lit_PMC13289028_photosynthetic_medium_pm_supplemented_fo	10	Bicarbonate (from NaHCO3)	hco3	h2co3	exact_name	target hco3 is absent from the BiGGr reactome; substituted h2co3, which carries the identical InChIKey BVKZGUZCCUSVTD-UHFFFAOYSA-M	re-derivation proposes a different compound, not a different enantiomer; needs a curator decision
lit_PMC7380578_mtc	11	Iron (Fe2+)	fe	fe2	fuzzy_name	resolved from the parenthetical qualifier 'Fe2+', which is more specific than the head term	re-derivation proposes a different compound, not a different enantiomer; needs a curator decision
lit_PMC9765009_anoxic_oxic_saltwater_incubation_medium_	12	Bicarbonate (carbon amendment option)	hco3	h2co3	exact_name	target hco3 is absent from the BiGGr reactome; substituted h2co3, which carries the identical InChIKey BVKZGUZCCUSVTD-UHFFFAOYSA-M	re-derivation proposes a different compound, not a different enantiomer; needs a curator decision
mdb_119	5	beta-D-Glucose	glc_D_B	glc__bD	exact_name	target glc_D_B is absent from the BiGGr reactome; substituted glc__bD, which carries the identical InChIKey WQZGKKKJIJFFOK-VFUOTHLCSA-N	re-derivation proposes a different compound, not a different enantiomer; needs a curator decision
mdb_120	3	beta-D-Glucose	glc_D_B	glc__bD	exact_name	target glc_D_B is absent from the BiGGr reactome; substituted glc__bD, which carries the identical InChIKey WQZGKKKJIJFFOK-VFUOTHLCSA-N	re-derivation proposes a different compound, not a different enantiomer; needs a curator decision
mdb_121	4	beta-D-Glucose	glc_D_B	glc__bD	exact_name	target glc_D_B is absent from the BiGGr reactome; substituted glc__bD, which carries the identical InChIKey WQZGKKKJIJFFOK-VFUOTHLCSA-N	re-derivation proposes a different compound, not a different enantiomer; needs a curator decision
mdb_123	3	beta-D-Glucose	glc_D_B	glc__bD	exact_name	target glc_D_B is absent from the BiGGr reactome; substituted glc__bD, which carries the identical InChIKey WQZGKKKJIJFFOK-VFUOTHLCSA-N	re-derivation proposes a different compound, not a different enantiomer; needs a curator decision
mdb_124	3	beta-D-Glucose	glc_D_B	glc__bD	exact_name	target glc_D_B is absent from the BiGGr reactome; substituted glc__bD, which carries the identical InChIKey WQZGKKKJIJFFOK-VFUOTHLCSA-N	re-derivation proposes a different compound, not a different enantiomer; needs a curator decision
mdb_125	3	beta-D-Glucose	glc_D_B	glc__bD	exact_name	target glc_D_B is absent from the BiGGr reactome; substituted glc__bD, which carries the identical InChIKey WQZGKKKJIJFFOK-VFUOTHLCSA-N	re-derivation proposes a different compound, not a different enantiomer; needs a curator decision
mdb_126	3	beta-D-Glucose	glc_D_B	glc__bD	exact_name	target glc_D_B is absent from the BiGGr reactome; substituted glc__bD, which carries the identical InChIKey WQZGKKKJIJFFOK-VFUOTHLCSA-N	re-derivation proposes a different compound, not a different enantiomer; needs a curator decision
mdb_127	3	beta-D-Glucose	glc_D_B	glc__bD	exact_name	target glc_D_B is absent from the BiGGr reactome; substituted glc__bD, which carries the identical InChIKey WQZGKKKJIJFFOK-VFUOTHLCSA-N	re-derivation proposes a different compound, not a different enantiomer; needs a curator decision
mdb_128	5	beta-D-Glucose	glc_D_B	glc__bD	exact_name	target glc_D_B is absent from the BiGGr reactome; substituted glc__bD, which carries the identical InChIKey WQZGKKKJIJFFOK-VFUOTHLCSA-N	re-derivation proposes a different compound, not a different enantiomer; needs a curator decision
mdb_130	5	beta-D-Glucose	glc_D_B	glc__bD	exact_name	target glc_D_B is absent from the BiGGr reactome; substituted glc__bD, which carries the identical InChIKey WQZGKKKJIJFFOK-VFUOTHLCSA-N	re-derivation proposes a different compound, not a different enantiomer; needs a curator decision
mdb_132	6	beta-D-Glucose	glc_D_B	glc__bD	exact_name	target glc_D_B is absent from the BiGGr reactome; substituted glc__bD, which carries the identical InChIKey WQZGKKKJIJFFOK-VFUOTHLCSA-N	re-derivation proposes a different compound, not a different enantiomer; needs a curator decision
mdb_186	5	beta-D-Glucose	glc_D_B	glc__bD	exact_name	target glc_D_B is absent from the BiGGr reactome; substituted glc__bD, which carries the identical InChIKey WQZGKKKJIJFFOK-VFUOTHLCSA-N	re-derivation proposes a different compound, not a different enantiomer; needs a curator decision
mdb_187	5	beta-D-Glucose	glc_D_B	glc__bD	exact_name	target glc_D_B is absent from the BiGGr reactome; substituted glc__bD, which carries the identical InChIKey WQZGKKKJIJFFOK-VFUOTHLCSA-N	re-derivation proposes a different compound, not a different enantiomer; needs a curator decision
mdb_189	9	beta-D-Glucose	glc_D_B	glc__bD	exact_name	target glc_D_B is absent from the BiGGr reactome; substituted glc__bD, which carries the identical InChIKey WQZGKKKJIJFFOK-VFUOTHLCSA-N	re-derivation proposes a different compound, not a different enantiomer; needs a curator decision
mdb_277	7	beta-D-Glucose	glc_D_B	glc__bD	exact_name	target glc_D_B is absent from the BiGGr reactome; substituted glc__bD, which carries the identical InChIKey WQZGKKKJIJFFOK-VFUOTHLCSA-N	re-derivation proposes a different compound, not a different enantiomer; needs a curator decision
mdb_278	2	beta-D-Glucose	glc_D_B	glc__bD	exact_name	target glc_D_B is absent from the BiGGr reactome; substituted glc__bD, which carries the identical InChIKey WQZGKKKJIJFFOK-VFUOTHLCSA-N	re-derivation proposes a different compound, not a different enantiomer; needs a curator decision
mediadive_1006	53	Propionic acid	ppa	prpnte	fuzzy_name	target ppa is absent from the BiGGr reactome; substituted prpnte, which carries the identical InChIKey XBDQKXXYIPTUBI-UHFFFAOYSA-M	re-derivation proposes a different compound, not a different enantiomer; needs a curator decision
mediadive_119	59	Valeric acid	M03134	pta	exact_name	target M03134 is absent from the BiGGr reactome; substituted pta, which carries the identical InChIKey NQPDZGIKBAWPEJ-UHFFFAOYSA-M	re-derivation proposes a different compound, not a different enantiomer; needs a curator decision
mediadive_119a	59	Valeric acid	M03134	pta	exact_name	target M03134 is absent from the BiGGr reactome; substituted pta, which carries the identical InChIKey NQPDZGIKBAWPEJ-UHFFFAOYSA-M	re-derivation proposes a different compound, not a different enantiomer; needs a curator decision
mediadive_119b	63	Valeric acid	M03134	pta	exact_name	target M03134 is absent from the BiGGr reactome; substituted pta, which carries the identical InChIKey NQPDZGIKBAWPEJ-UHFFFAOYSA-M	re-derivation proposes a different compound, not a different enantiomer; needs a curator decision
mediadive_119c	60	Valeric acid	M03134	pta	exact_name	target M03134 is absent from the BiGGr reactome; substituted pta, which carries the identical InChIKey NQPDZGIKBAWPEJ-UHFFFAOYSA-M	re-derivation proposes a different compound, not a different enantiomer; needs a curator decision
mediadive_1245	57	Propionic acid	ppa	prpnte	fuzzy_name	target ppa is absent from the BiGGr reactome; substituted prpnte, which carries the identical InChIKey XBDQKXXYIPTUBI-UHFFFAOYSA-M	re-derivation proposes a different compound, not a different enantiomer; needs a curator decision
mediadive_1406	58	Arsenate	aso4	arsna	exact_name	target aso4 is absent from the BiGGr reactome; substituted arsna, which carries the identical InChIKey DJHGAFSJWGLOIV-UHFFFAOYSA-L	re-derivation proposes a different compound, not a different enantiomer; needs a curator decision
mediadive_1455	56	Propionic acid	ppa	prpnte	fuzzy_name	target ppa is absent from the BiGGr reactome; substituted prpnte, which carries the identical InChIKey XBDQKXXYIPTUBI-UHFFFAOYSA-M	re-derivation proposes a different compound, not a different enantiomer; needs a curator decision
mediadive_1494	91	Valeric acid	M03134	pta	exact_name	target M03134 is absent from the BiGGr reactome; substituted pta, which carries the identical InChIKey NQPDZGIKBAWPEJ-UHFFFAOYSA-M	re-derivation proposes a different compound, not a different enantiomer; needs a curator decision
mediadive_161	63	Valeric acid	M03134	pta	exact_name	target M03134 is absent from the BiGGr reactome; substituted pta, which carries the identical InChIKey NQPDZGIKBAWPEJ-UHFFFAOYSA-M	re-derivation proposes a different compound, not a different enantiomer; needs a curator decision
mediadive_1611	55	Propionic acid	ppa	prpnte	fuzzy_name	target ppa is absent from the BiGGr reactome; substituted prpnte, which carries the identical InChIKey XBDQKXXYIPTUBI-UHFFFAOYSA-M	re-derivation proposes a different compound, not a different enantiomer; needs a curator decision
mediadive_1705	66	Valeric acid	M03134	pta	exact_name	target M03134 is absent from the BiGGr reactome; substituted pta, which carries the identical InChIKey NQPDZGIKBAWPEJ-UHFFFAOYSA-M	re-derivation proposes a different compound, not a different enantiomer; needs a curator decision
mediadive_212a	71	Propionic acid	ppa	prpnte	fuzzy_name	target ppa is absent from the BiGGr reactome; substituted prpnte, which carries the identical InChIKey XBDQKXXYIPTUBI-UHFFFAOYSA-M	re-derivation proposes a different compound, not a different enantiomer; needs a curator decision
mediadive_29a	56	Bicarbonate	hco3	h2co3	exact_name	target hco3 is absent from the BiGGr reactome; substituted h2co3, which carries the identical InChIKey BVKZGUZCCUSVTD-UHFFFAOYSA-M	re-derivation proposes a different compound, not a different enantiomer; needs a curator decision
mediadive_328	55	Propionic acid	ppa	prpnte	fuzzy_name	target ppa is absent from the BiGGr reactome; substituted prpnte, which carries the identical InChIKey XBDQKXXYIPTUBI-UHFFFAOYSA-M	re-derivation proposes a different compound, not a different enantiomer; needs a curator decision
mediadive_330	58	Propionic acid	ppa	prpnte	fuzzy_name	target ppa is absent from the BiGGr reactome; substituted prpnte, which carries the identical InChIKey XBDQKXXYIPTUBI-UHFFFAOYSA-M	re-derivation proposes a different compound, not a different enantiomer; needs a curator decision
mediadive_704	58	Propionic acid	ppa	prpnte	fuzzy_name	target ppa is absent from the BiGGr reactome; substituted prpnte, which carries the identical InChIKey XBDQKXXYIPTUBI-UHFFFAOYSA-M	re-derivation proposes a different compound, not a different enantiomer; needs a curator decision
mediadive_719	61	Valeric acid	M03134	pta	exact_name	target M03134 is absent from the BiGGr reactome; substituted pta, which carries the identical InChIKey NQPDZGIKBAWPEJ-UHFFFAOYSA-M	re-derivation proposes a different compound, not a different enantiomer; needs a curator decision
mediadive_78c	52	Valeric acid	M03134	pta	exact_name	target M03134 is absent from the BiGGr reactome; substituted pta, which carries the identical InChIKey NQPDZGIKBAWPEJ-UHFFFAOYSA-M	re-derivation proposes a different compound, not a different enantiomer; needs a curator decision
mediadive_829	58	Caproic acid	caproic	hxa	exact_name	target caproic is absent from the BiGGr reactome; substituted hxa, which carries the identical InChIKey FUZZWVXGSFPDMH-UHFFFAOYSA-M	re-derivation proposes a different compound, not a different enantiomer; needs a curator decision
mediadive_829	59	Valeric acid	M03134	pta	exact_name	target M03134 is absent from the BiGGr reactome; substituted pta, which carries the identical InChIKey NQPDZGIKBAWPEJ-UHFFFAOYSA-M	re-derivation proposes a different compound, not a different enantiomer; needs a curator decision
mediadive_829	60	3-Methylbutyric acid	3mb	ival	fuzzy_name		re-derivation proposes a different compound, not a different enantiomer; needs a curator decision
mediadive_829b	57	Caproic acid	caproic	hxa	exact_name	target caproic is absent from the BiGGr reactome; substituted hxa, which carries the identical InChIKey FUZZWVXGSFPDMH-UHFFFAOYSA-M	re-derivation proposes a different compound, not a different enantiomer; needs a curator decision
mediadive_829b	58	Valeric acid	M03134	pta	exact_name	target M03134 is absent from the BiGGr reactome; substituted pta, which carries the identical InChIKey NQPDZGIKBAWPEJ-UHFFFAOYSA-M	re-derivation proposes a different compound, not a different enantiomer; needs a curator decision
mediadive_829b	61	3-Methylbutyric acid	3mb	ival	fuzzy_name		re-derivation proposes a different compound, not a different enantiomer; needs a curator decision
mediadive_909	49	Valeric acid	M03134	pta	exact_name	target M03134 is absent from the BiGGr reactome; substituted pta, which carries the identical InChIKey NQPDZGIKBAWPEJ-UHFFFAOYSA-M	re-derivation proposes a different compound, not a different enantiomer; needs a curator decision
mediadive_J1000	52	Propionic acid	ppa	prpnte	fuzzy_name	target ppa is absent from the BiGGr reactome; substituted prpnte, which carries the identical InChIKey XBDQKXXYIPTUBI-UHFFFAOYSA-M	re-derivation proposes a different compound, not a different enantiomer; needs a curator decision
mediadive_J1029	56	Propionic acid	ppa	prpnte	fuzzy_name	target ppa is absent from the BiGGr reactome; substituted prpnte, which carries the identical InChIKey XBDQKXXYIPTUBI-UHFFFAOYSA-M	re-derivation proposes a different compound, not a different enantiomer; needs a curator decision
mediadive_J1051	63	Valeric acid	M03134	pta	exact_name	target M03134 is absent from the BiGGr reactome; substituted pta, which carries the identical InChIKey NQPDZGIKBAWPEJ-UHFFFAOYSA-M	re-derivation proposes a different compound, not a different enantiomer; needs a curator decision
mediadive_J1113	58	Valeric acid	M03134	pta	exact_name	target M03134 is absent from the BiGGr reactome; substituted pta, which carries the identical InChIKey NQPDZGIKBAWPEJ-UHFFFAOYSA-M	re-derivation proposes a different compound, not a different enantiomer; needs a curator decision
mediadive_J1130	58	Propionic acid	ppa	prpnte	fuzzy_name	target ppa is absent from the BiGGr reactome; substituted prpnte, which carries the identical InChIKey XBDQKXXYIPTUBI-UHFFFAOYSA-M	re-derivation proposes a different compound, not a different enantiomer; needs a curator decision
mediadive_J1147	61	Valeric acid	M03134	pta	exact_name	target M03134 is absent from the BiGGr reactome; substituted pta, which carries the identical InChIKey NQPDZGIKBAWPEJ-UHFFFAOYSA-M	re-derivation proposes a different compound, not a different enantiomer; needs a curator decision
mediadive_J133	56	Propionic acid	ppa	prpnte	fuzzy_name	target ppa is absent from the BiGGr reactome; substituted prpnte, which carries the identical InChIKey XBDQKXXYIPTUBI-UHFFFAOYSA-M	re-derivation proposes a different compound, not a different enantiomer; needs a curator decision
mediadive_J144	48	Valeric acid	M03134	pta	exact_name	target M03134 is absent from the BiGGr reactome; substituted pta, which carries the identical InChIKey NQPDZGIKBAWPEJ-UHFFFAOYSA-M	re-derivation proposes a different compound, not a different enantiomer; needs a curator decision
mediadive_J266	59	Valeric acid	M03134	pta	exact_name	target M03134 is absent from the BiGGr reactome; substituted pta, which carries the identical InChIKey NQPDZGIKBAWPEJ-UHFFFAOYSA-M	re-derivation proposes a different compound, not a different enantiomer; needs a curator decision
mediadive_J301	60	Caproic acid	caproic	hxa	exact_name	target caproic is absent from the BiGGr reactome; substituted hxa, which carries the identical InChIKey FUZZWVXGSFPDMH-UHFFFAOYSA-M	re-derivation proposes a different compound, not a different enantiomer; needs a curator decision
mediadive_J301	61	Valeric acid	M03134	pta	exact_name	target M03134 is absent from the BiGGr reactome; substituted pta, which carries the identical InChIKey NQPDZGIKBAWPEJ-UHFFFAOYSA-M	re-derivation proposes a different compound, not a different enantiomer; needs a curator decision
mediadive_J301	62	3-Methylbutyric acid	3mb	ival	fuzzy_name		re-derivation proposes a different compound, not a different enantiomer; needs a curator decision
mediadive_J397	61	Valeric acid	M03134	pta	exact_name	target M03134 is absent from the BiGGr reactome; substituted pta, which carries the identical InChIKey NQPDZGIKBAWPEJ-UHFFFAOYSA-M	re-derivation proposes a different compound, not a different enantiomer; needs a curator decision
mediadive_J872	58	Valeric acid	M03134	pta	exact_name	target M03134 is absent from the BiGGr reactome; substituted pta, which carries the identical InChIKey NQPDZGIKBAWPEJ-UHFFFAOYSA-M	re-derivation proposes a different compound, not a different enantiomer; needs a curator decision
